{"stats":{"minecraft:picked_up":{"minecraft:wooden_axe":1,"sophisticatedbackpacks:gold_backpack":1,"minecraft:crafting_table":9,"minecraft:wheat":2,"minecraft:azure_bluet":2,"minecraft:chicken":10,"iceandfire:armor_gray_helmet":1,"minecraft:string":16,"minecraft:diamond_leggings":1,"minecraft:gold_nugget":416,"minecraft:beef":8,"minecraft:calcite":3,"minecraft:poppy":2,"minecraft:smooth_quartz":5,"minecraft:iron_pickaxe":1,"minecraft:spruce_slab":2,"minecraft:melon_slice":4,"minecraft:sugar_cane":1,"minecraft:iron_boots":1,"minecraft:egg":6,"minecraft:stick":11,"minecraft:stripped_mangrove_wood":4,"minecraft:torch":1,"sophisticatedbackpacks:backpack":1,"minecraft:sandstone_wall":1,"minecraft:porkchop":17,"minecraft:diorite":3,"minecraft:carrot":2,"minecraft:diamond_chestplate":1,"minecraft:arrow":11,"minecraft:rotten_flesh":7,"iceandfire:chared_dirt":12,"minecraft:hay_block":2,"minecraft:mutton":7,"minecraft:white_wool":5,"minecraft:cobblestone":205,"minecraft:oxeye_daisy":2,"minecraft:birch_log":1,"minecraft:feather":7,"minecraft:leather":4,"minecraft:potato":16,"minecraft:flint":2,"minecraft:oak_log":70,"minecraft:gunpowder":2,"minecraft:gray_concrete":3,"minecraft:dirt":190,"minecraft:bone":9,"iceandfire:armor_gray_boots":1,"iceandfire:armor_green_chestplate":1,"minecraft:apple":4,"minecraft:wheat_seeds":10,"minecraft:cobweb":1,"tombstone:bag_of_seeds":2,"minecraft:oak_planks":4,"iceandfire:chared_stone":18,"minecraft:pumpkin":1,"iceandfire:ash":2,"minecraft:dandelion":4,"minecraft:poisonous_potato":1,"minecraft:gravel":12,"minecraft:sand":16,"minecraft:spider_eye":1,"iceandfire:chared_cobblestone":12,"minecraft:granite":17,"minecraft:painting":1,"minecraft:emerald":3,"tombstone:magic_scroll":1,"minecraft:oak_sapling":36,"iceandfire:chared_gravel":3,"minecraft:coal":92,"iceandfire:raw_silver":2},"minecraft:dropped":{"minecraft:bread":3,"minecraft:wheat_seeds":7,"minecraft:poisonous_potato":1,"minecraft:feather":1,"minecraft:cobblestone":114,"minecraft:oxeye_daisy":1,"minecraft:dirt":4,"minecraft:gray_concrete":1,"minecraft:wooden_axe":1,"minecraft:smooth_quartz":5,"minecraft:potion":1,"minecraft:string":19,"minecraft:bone":1,"sophisticatedbackpacks:backpack":1,"minecraft:azure_bluet":2,"minecraft:spider_eye":1,"minecraft:spruce_slab":1,"minecraft:stone_pickaxe":1,"minecraft:wooden_pickaxe":1,"minecraft:egg":1},"minecraft:crafted":{"minecraft:oak_planks":280,"minecraft:cooked_chicken":23,"minecraft:cooked_mutton":46,"minecraft:iron_axe":1,"minecraft:iron_hoe":1,"minecraft:stone_pickaxe":1,"minecraft:chest":2,"minecraft:cooked_beef":8,"minecraft:cooked_porkchop":15,"minecraft:crafting_table":1,"minecraft:wooden_pickaxe":1,"minecraft:stone_axe":1,"minecraft:air":0,"minecraft:shield":1,"minecraft:stick":16,"minecraft:iron_pickaxe":2,"minecraft:wooden_axe":1,"minecraft:stone_sword":1,"minecraft:iron_shovel":1,"minecraft:gold_ingot":42,"minecraft:white_bed":1,"minecraft:torch":4},"minecraft:used":{"minecraft:stone_sword":77,"minecraft:iron_shovel":153,"minecraft:poppy":2,"minecraft:chest":2,"minecraft:shield":5,"minecraft:iron_sword":162,"minecraft:cooked_chicken":6,"minecraft:rotten_flesh":1,"minecraft:torch":3,"minecraft:dirt":144,"minecraft:carrot":12,"minecraft:iron_hoe":80,"minecraft:wooden_axe":8,"iceandfire:chared_stone":1,"minecraft:oak_sapling":32,"minecraft:beetroot_seeds":2,"tombstone:gift":4,"minecraft:egg":1,"minecraft:potato":16,"minecraft:wheat_seeds":2,"minecraft:cooked_mutton":2,"minecraft:stone_pickaxe":109,"minecraft:oak_planks":103,"minecraft:wooden_pickaxe":8,"iceandfire:chared_dirt":2,"minecraft:sand":2,"minecraft:pitcher_pod":4,"minecraft:crafting_table":8,"minecraft:mushroom_stew":1,"minecraft:white_bed":1,"minecraft:painting":1,"tombstone:bag_of_seeds":2,"minecraft:apple":7,"minecraft:oxeye_daisy":1,"minecraft:melon_slice":4,"minecraft:bread":10,"minecraft:iron_pickaxe":231,"tombstone:magic_scroll":3,"minecraft:stone_axe":105,"minecraft:torchflower_seeds":2,"minecraft:cobblestone":44,"minecraft:cooked_porkchop":7,"minecraft:pumpkin_pie":8,"minecraft:dandelion":4},"minecraft:killed_by":{"iceandfire:fire_dragon":5},"minecraft:mined":{"iceandfire:silver_ore":2,"minecraft:granite":17,"minecraft:grass_block":93,"iceandfire:chared_dirt":3,"minecraft:hay_block":2,"minecraft:carrots":1,"minecraft:iron_ore":2,"iceandfire:chared_gravel":3,"minecraft:pumpkin":1,"minecraft:potatoes":9,"iceandfire:gold_pile":30,"minecraft:stone":188,"minecraft:stripped_mangrove_wood":4,"minecraft:spruce_slab":2,"iceandfire:chared_cobblestone":4,"minecraft:tripwire":1,"minecraft:gray_concrete":1,"minecraft:dandelion":4,"minecraft:powder_snow":9,"minecraft:crafting_table":6,"minecraft:emerald_ore":4,"minecraft:calcite":3,"minecraft:poppy":2,"minecraft:melon":1,"minecraft:cobblestone":11,"minecraft:tall_grass":10,"minecraft:oak_planks":4,"minecraft:diorite":3,"minecraft:wall_torch":1,"minecraft:wheat":3,"minecraft:grass":25,"minecraft:coal_ore":92,"minecraft:oak_log":69,"minecraft:sand":15,"minecraft:gravel":13,"minecraft:smooth_quartz":2,"minecraft:dirt":62,"minecraft:sandstone_wall":1,"minecraft:cobweb":6,"iceandfire:chared_stone":5,"minecraft:oak_leaves":27},"minecraft:killed":{"minecraft:spider":2,"minecraft:skeleton":8,"minecraft:chicken":10,"minecraft:pig":9,"minecraft:creeper":2,"minecraft:sheep":5,"minecraft:zombie":6,"minecraft:wither_skeleton":1,"minecraft:cow":3},"minecraft:custom":{"minecraft:mob_kills":46,"minecraft:interact_with_crafting_table":20,"minecraft:open_barrel":7,"minecraft:damage_dealt_resisted":82,"minecraft:leave_game":2,"minecraft:time_since_death":553,"minecraft:climb_one_cm":15766,"minecraft:sprint_one_cm":447841,"minecraft:walk_one_cm":354720,"minecraft:damage_blocked_by_shield":140,"minecraft:drop":49,"minecraft:damage_dealt_absorbed":79,"minecraft:talked_to_villager":5,"minecraft:play_time":142080,"minecraft:deaths":6,"minecraft:sneak_time":5883,"minecraft:walk_under_water_one_cm":32640,"minecraft:jump":2504,"minecraft:interact_with_blast_furnace":3,"minecraft:walk_on_water_one_cm":20112,"minecraft:total_world_time":142080,"minecraft:interact_with_furnace":24,"minecraft:interact_with_cartography_table":1,"minecraft:tune_noteblock":16,"minecraft:interact_with_stonecutter":2,"minecraft:sleep_in_bed":3,"minecraft:time_since_rest":1,"minecraft:damage_taken":3406,"minecraft:damage_absorbed":40,"minecraft:damage_dealt":7314,"minecraft:swim_one_cm":51609,"minecraft:fly_one_cm":491756,"minecraft:open_chest":158,"minecraft:crouch_one_cm":21724,"tombstone:undead_killed":15,"minecraft:fall_one_cm":75220,"minecraft:inspect_dispenser":3}},"DataVersion":3465}