{"stats":{"minecraft:picked_up":{"minecraft:wooden_axe":1,"minecraft:iron_trapdoor":1,"minecraft:crafting_table":5,"minecraft:birch_door":1,"minecraft:turtle_helmet":1,"minecraft:chicken":4,"minecraft:lead":4,"minecraft:potion":3,"minecraft:wither_rose":3,"minecraft:enchanted_book":3,"minecraft:brewing_stand":1,"minecraft:shield":1,"minecraft:amethyst_block":6,"minecraft:string":2,"minecraft:cyan_carpet":11,"iceandfire:ghost_ingot":1,"iceandfire:graveyard_soil":1,"minecraft:cobbled_deepslate":228,"minecraft:beef":24,"minecraft:written_book":1,"minecraft:player_head":1,"minecraft:calcite":3,"minecraft:lectern":2,"minecraft:sugar_cane":9,"minecraft:piston":3,"minecraft:furnace":4,"minecraft:egg":3,"minecraft:stick":8,"minecraft:raw_iron":26,"minecraft:stripped_mangrove_wood":7,"iceandfire:ghost_chest":2,"minecraft:copper_ingot":1,"minecraft:bowl":1,"minecraft:note_block":1,"minecraft:porkchop":19,"iceandfire:rotten_egg":1,"tombstone:grave_dust":23,"minecraft:diorite":19,"minecraft:carrot":7,"minecraft:redstone":40,"minecraft:dark_oak_planks":17,"minecraft:arrow":44,"minecraft:rotten_flesh":42,"minecraft:pumpkin_pie":4,"minecraft:hay_block":3,"tombstone:essence_of_undeath":1,"minecraft:mutton":13,"minecraft:skeleton_skull":2,"minecraft:white_wool":8,"minecraft:cobblestone":194,"minecraft:feather":3,"minecraft:cooked_beef":2,"minecraft:andesite":5,"minecraft:salmon":1,"minecraft:brown_wool":1,"minecraft:leather":13,"minecraft:mushroom_stew":1,"minecraft:oak_log":8,"iceandfire:ectoplasm":8,"minecraft:yellow_bed":7,"minecraft:gunpowder":9,"minecraft:lapis_lazuli":52,"minecraft:dirt":308,"tombstone:gift":3,"minecraft:bone":39,"minecraft:apple":1,"minecraft:bow":1,"minecraft:wheat_seeds":8,"minecraft:raw_gold":29,"minecraft:bell":2,"minecraft:iron_ingot":1,"minecraft:dark_oak_sign":2,"minecraft:cyan_candle":2,"minecraft:mangrove_planks":1,"minecraft:flowering_azalea":1,"minecraft:glass_bottle":1,"minecraft:iron_sword":1,"minecraft:book":54,"minecraft:amethyst_shard":56,"minecraft:blast_furnace":2,"minecraft:white_bed":5,"minecraft:bundle":2,"minecraft:diamond":30,"iceandfire:silver_sword":1,"minecraft:granite":24,"minecraft:golden_apple":1,"minecraft:gray_wool":1,"minecraft:bread":3,"tombstone:magic_scroll":2,"minecraft:oak_sapling":7,"minecraft:damaged_anvil":1,"minecraft:coal":47,"iceandfire:raw_silver":2,"minecraft:diamond_pickaxe":1},"minecraft:dropped":{"minecraft:porkchop":3,"minecraft:enchanted_book":2,"minecraft:bread":11,"minecraft:iron_sword":1,"minecraft:stripped_mangrove_wood":1,"minecraft:wheat_seeds":8,"minecraft:cooked_beef":2,"minecraft:glass_bottle":4,"minecraft:feather":3,"minecraft:cobblestone":86,"minecraft:lead":2,"minecraft:book":54,"minecraft:amethyst_block":6,"minecraft:granite":7,"minecraft:mangrove_planks":1,"minecraft:copper_ingot":1,"minecraft:coal":29,"minecraft:mushroom_stew":1,"minecraft:stick":7,"minecraft:dirt":8,"minecraft:gray_wool":1,"minecraft:iron_trapdoor":1,"minecraft:diorite":10,"iceandfire:silver_sword":1,"minecraft:wooden_axe":1,"minecraft:brown_wool":1,"tombstone:grave_dust":22,"minecraft:potion":2,"minecraft:cyan_candle":2,"minecraft:pumpkin_pie":4,"minecraft:amethyst_shard":28,"minecraft:wither_rose":3,"minecraft:flowering_azalea":1,"minecraft:dark_oak_planks":11,"minecraft:cyan_carpet":6,"minecraft:note_block":1,"minecraft:cobbled_deepslate":220,"minecraft:dark_oak_sign":2,"minecraft:bowl":1,"tombstone:gift":1,"minecraft:rotten_flesh":28,"minecraft:cooked_mutton":1,"minecraft:carrot":6,"minecraft:blast_furnace":2,"minecraft:turtle_helmet":1,"minecraft:shield":1,"minecraft:gunpowder":2,"minecraft:bundle":2,"minecraft:diamond_pickaxe":1,"minecraft:andesite":5,"minecraft:oak_sapling":7,"minecraft:birch_door":1,"minecraft:wooden_pickaxe":1,"minecraft:arrow":2,"minecraft:beef":19,"minecraft:stone_pickaxe":1,"minecraft:calcite":2,"minecraft:written_book":1},"minecraft:crafted":{"minecraft:oak_planks":32,"minecraft:cooked_chicken":4,"minecraft:furnace":1,"minecraft:cooked_mutton":6,"minecraft:diamond_helmet":1,"minecraft:diamond_leggings":1,"minecraft:iron_axe":1,"minecraft:stone_pickaxe":1,"minecraft:diamond_boots":1,"minecraft:wheat":27,"minecraft:cooked_beef":5,"minecraft:crafting_table":3,"minecraft:wooden_pickaxe":1,"minecraft:iron_sword":1,"minecraft:cooked_salmon":1,"minecraft:bread":9,"minecraft:air":0,"minecraft:diamond_pickaxe":1,"minecraft:shield":1,"minecraft:stick":20,"minecraft:iron_ingot":18,"minecraft:iron_pickaxe":1,"minecraft:wooden_axe":1,"minecraft:iron_shovel":2,"iceandfire:silver_sword":1,"minecraft:diamond_chestplate":1},"minecraft:broken":{"minecraft:iron_shovel":1,"minecraft:shield":1,"minecraft:iron_axe":1,"minecraft:iron_sword":1,"minecraft:iron_pickaxe":1},"minecraft:used":{"minecraft:iron_shovel":306,"iceandfire:silver_sword":351,"minecraft:shield":88,"minecraft:iron_sword":253,"minecraft:cooked_salmon":1,"minecraft:bell":2,"minecraft:cooked_chicken":4,"minecraft:dirt":301,"minecraft:carrot":8,"minecraft:granite":17,"minecraft:wooden_axe":34,"minecraft:iron_axe":137,"minecraft:bow":6,"minecraft:furnace":5,"tombstone:gift":8,"minecraft:skeleton_skull":2,"minecraft:cooked_beef":5,"minecraft:cobbled_deepslate":23,"minecraft:calcite":1,"minecraft:cooked_mutton":5,"minecraft:diorite":9,"minecraft:stone_pickaxe":70,"minecraft:wooden_pickaxe":31,"minecraft:golden_apple":1,"minecraft:stripped_mangrove_wood":6,"minecraft:crafting_table":8,"minecraft:white_bed":5,"minecraft:cake":1,"minecraft:diamond_pickaxe":454,"minecraft:apple":2,"minecraft:iron_pickaxe":250,"minecraft:cyan_carpet":3,"minecraft:bread":11,"iceandfire:graveyard_soil":1,"minecraft:lectern":1,"minecraft:cobblestone":98,"minecraft:potion":3,"minecraft:porkchop":16,"minecraft:yellow_bed":7},"minecraft:killed_by":{"minecraft:husk":1,"minecraft:skeleton":2,"iceandfire:ghost":2},"minecraft:mined":{"minecraft:dark_oak_planks":9,"minecraft:large_amethyst_bud":3,"minecraft:tuff":5,"minecraft:white_bed":5,"iceandfire:graveyard_soil":1,"iceandfire:silver_ore":2,"minecraft:deepslate_diamond_ore":30,"minecraft:brewing_stand":1,"minecraft:budding_amethyst":6,"minecraft:granite":32,"minecraft:grass_block":226,"minecraft:chiseled_stone_bricks":1,"minecraft:spawner":5,"minecraft:hay_block":3,"minecraft:redstone_ore":4,"minecraft:furnace":4,"minecraft:iron_ore":26,"minecraft:andesite":19,"minecraft:deepslate_lapis_ore":7,"minecraft:bell":1,"minecraft:dirt_path":2,"minecraft:iron_bars":2,"minecraft:stripped_mangrove_wood":6,"minecraft:stone":189,"minecraft:player_head":1,"minecraft:deepslate_redstone_ore":5,"minecraft:medium_amethyst_bud":5,"minecraft:amethyst_cluster":6,"minecraft:crafting_table":5,"minecraft:calcite":5,"iceandfire:ghost_chest":2,"minecraft:lectern":2,"minecraft:stone_slab":1,"minecraft:tall_grass":7,"minecraft:cobblestone":19,"minecraft:deepslate_gold_ore":29,"minecraft:damaged_anvil":1,"minecraft:sugar_cane":4,"minecraft:diorite":29,"minecraft:wall_torch":1,"minecraft:amethyst_block":6,"minecraft:skeleton_skull":2,"minecraft:birch_trapdoor":1,"minecraft:yellow_bed":7,"minecraft:wither_rose":2,"minecraft:grass":40,"minecraft:oak_log":8,"minecraft:coal_ore":18,"minecraft:cyan_carpet":6,"minecraft:gravel":28,"minecraft:dirt":84,"minecraft:cobweb":1,"minecraft:piston":3,"minecraft:deepslate":324,"minecraft:oak_leaves":8,"minecraft:fern":1},"minecraft:killed":{"minecraft:spider":3,"minecraft:skeleton":32,"minecraft:horse":1,"minecraft:chicken":4,"minecraft:husk":49,"minecraft:pig":10,"minecraft:zombie_villager":1,"minecraft:wandering_trader":1,"minecraft:creeper":8,"minecraft:sheep":11,"minecraft:trader_llama":2,"minecraft:zombie":13,"iceandfire:ghost":22,"minecraft:enderman":1,"minecraft:cow":13},"minecraft:custom":{"minecraft:interact_with_anvil":1,"minecraft:mob_kills":191,"minecraft:interact_with_crafting_table":16,"minecraft:open_barrel":22,"minecraft:bell_ring":47,"minecraft:eat_cake_slice":19,"minecraft:leave_game":4,"minecraft:time_since_death":21577,"minecraft:damage_resisted":95,"minecraft:climb_one_cm":2762,"minecraft:sprint_one_cm":313238,"minecraft:walk_one_cm":584205,"minecraft:damage_blocked_by_shield":2310,"minecraft:drop":110,"minecraft:play_noteblock":2,"minecraft:talked_to_villager":1,"minecraft:play_time":199059,"minecraft:deaths":6,"minecraft:sneak_time":1409,"minecraft:walk_under_water_one_cm":10597,"tombstone:tomb_raiding":1,"minecraft:interact_with_lectern":1,"minecraft:interact_with_brewingstand":1,"minecraft:jump":2999,"minecraft:interact_with_blast_furnace":1,"minecraft:walk_on_water_one_cm":10886,"minecraft:total_world_time":199059,"minecraft:interact_with_furnace":18,"minecraft:tune_noteblock":5,"minecraft:sleep_in_bed":6,"minecraft:time_since_rest":21275,"minecraft:damage_taken":4106,"minecraft:damage_absorbed":59,"minecraft:trigger_trapped_chest":4,"minecraft:damage_dealt":43193,"minecraft:swim_one_cm":9688,"minecraft:player_kills":2,"minecraft:fly_one_cm":539798,"minecraft:open_chest":9,"minecraft:crouch_one_cm":2264,"tombstone:undead_killed":117,"tombstone:villager_killed":1,"minecraft:fall_one_cm":83630,"minecraft:horse_one_cm":9333}},"DataVersion":3465}