{"stats":{"minecraft:custom":{"minecraft:jump":110,"minecraft:leave_game":1,"minecraft:time_since_rest":1,"minecraft:deaths":1,"minecraft:climb_one_cm":212,"minecraft:crouch_one_cm":212,"minecraft:sprint_one_cm":8394,"minecraft:play_time":2660,"minecraft:damage_taken":250,"minecraft:time_since_death":34,"minecraft:walk_one_cm":6843,"minecraft:trigger_trapped_chest":1,"minecraft:sneak_time":54,"minecraft:total_world_time":2696,"minecraft:fall_one_cm":6538,"minecraft:fly_one_cm":16016},"minecraft:used":{"minecraft:dirt":2},"minecraft:mined":{"minecraft:fire":4,"minecraft:grass_block":2,"minecraft:vine":1},"minecraft:picked_up":{"minecraft:dirt":2},"minecraft:killed_by":{"iceandfire:ghost":1}},"DataVersion":3465}