{"stats":{"minecraft:picked_up":{"minecraft:birch_log":32,"minecraft:enchanting_table":1,"minecraft:coarse_dirt":2,"minecraft:andesite":16,"minecraft:leather_leggings":1,"minecraft:black_bed":1,"minecraft:red_mushroom":1,"minecraft:birch_planks":8,"minecraft:gunpowder":2,"minecraft:stripped_birch_log":1,"minecraft:dark_oak_pressure_plate":1,"minecraft:string":3,"minecraft:dirt":9,"minecraft:blue_bed":7,"tombstone:gift":1,"minecraft:iron_leggings":1,"minecraft:bone":10,"minecraft:cyan_carpet":2,"minecraft:apple":4,"minecraft:stone_bricks":1,"iceandfire:pixie_jar_empty":1,"minecraft:bow":1,"minecraft:cracked_stone_bricks":5,"minecraft:gold_nugget":7,"iceandfire:armor_silver_metal_leggings":1,"minecraft:stone_pickaxe":1,"minecraft:cobweb":3,"minecraft:stripped_oak_wood":1,"minecraft:mossy_stone_bricks":2,"minecraft:lectern":1,"minecraft:moss_block":4,"minecraft:sugar_cane":48,"minecraft:birch_sapling":1,"minecraft:dark_oak_stairs":4,"minecraft:iron_boots":1,"minecraft:egg":1,"minecraft:book":42,"minecraft:stick":6,"minecraft:chiseled_stone_bricks":2,"minecraft:torch":17,"minecraft:nether_brick_stairs":1,"minecraft:diorite":14,"minecraft:dark_oak_log":2,"minecraft:mossy_cobblestone":1,"minecraft:leather_helmet":2,"minecraft:dark_oak_planks":8,"minecraft:bundle":1,"minecraft:polished_andesite":8,"minecraft:arrow":6,"minecraft:rotten_flesh":42,"minecraft:nether_bricks":2,"minecraft:diamond_boots":1,"minecraft:hay_block":9,"minecraft:iron_helmet":1,"minecraft:granite":6,"tombstone:magic_scroll":1,"iceandfire:silver_nugget":65,"minecraft:iron_bars":10,"minecraft:coal":7,"iceandfire:raw_silver":3,"minecraft:cobblestone":56},"minecraft:dropped":{"iceandfire:silver_nugget":2,"minecraft:moss_block":4,"minecraft:lapis_lazuli":20,"minecraft:glass_bottle":1,"minecraft:diamond":3,"minecraft:crafting_table":1,"minecraft:iron_boots":2,"minecraft:black_bed":1,"minecraft:cooked_mutton":1,"minecraft:emerald":10,"iceandfire:armor_silver_metal_leggings":2,"minecraft:wooden_axe":1,"minecraft:leather_leggings":1,"minecraft:iron_bars":2,"minecraft:stone_pickaxe":1,"minecraft:enchanting_table":1,"iceandfire:manuscript":15},"minecraft:crafted":{"minecraft:oak_planks":4,"iceandfire:silver_ingot":7,"minecraft:crafting_table":4,"minecraft:wooden_pickaxe":1,"minecraft:birch_planks":132,"minecraft:bread":27,"minecraft:iron_axe":1,"iceandfire:armor_silver_metal_leggings":1,"minecraft:stick":4,"minecraft:wooden_axe":1,"minecraft:wheat":81},"minecraft:used":{"minecraft:leather_leggings":1,"minecraft:iron_shovel":1,"minecraft:birch_planks":27,"minecraft:stone_pickaxe":184,"minecraft:wooden_pickaxe":2,"minecraft:shield":7,"minecraft:blue_bed":6,"minecraft:cracked_stone_bricks":17,"minecraft:torch":45,"minecraft:golden_apple":1,"minecraft:dirt":8,"minecraft:crafting_table":3,"minecraft:nether_bricks":2,"minecraft:wooden_axe":20,"minecraft:apple":3,"minecraft:bread":34,"minecraft:iron_axe":109,"iceandfire:armor_silver_metal_leggings":2,"minecraft:potion":1,"tombstone:gift":4,"minecraft:coarse_dirt":2,"minecraft:cooked_beef":3},"minecraft:mined":{"iceandfire:pixie_jar_empty":1,"minecraft:dark_oak_planks":5,"iceandfire:silver_ore":1,"minecraft:mossy_cobblestone":3,"minecraft:dark_oak_log":2,"minecraft:orange_terracotta":1,"minecraft:stripped_birch_log":1,"minecraft:dark_oak_pressure_plate":1,"minecraft:torch":2,"minecraft:nether_bricks":5,"minecraft:granite":8,"minecraft:grass_block":4,"minecraft:lectern":1,"minecraft:tall_grass":3,"minecraft:cobblestone":1,"minecraft:spruce_leaves":1,"minecraft:wall_torch":2,"minecraft:moss_block":5,"minecraft:sugar_cane":24,"minecraft:diorite":14,"minecraft:chiseled_stone_bricks":2,"minecraft:blue_bed":7,"minecraft:spawner":20,"minecraft:hay_block":9,"minecraft:birch_planks":8,"minecraft:coarse_dirt":2,"minecraft:birch_log":3,"minecraft:birch_leaves":1,"minecraft:andesite":16,"minecraft:stripped_oak_wood":1,"minecraft:nether_brick_stairs":5,"minecraft:enchanting_table":1,"minecraft:grass":8,"minecraft:bookshelf":14,"minecraft:coal_ore":7,"minecraft:iron_bars":13,"minecraft:dirt":6,"minecraft:cracked_stone_bricks":5,"minecraft:stone":61,"minecraft:stone_bricks":1,"minecraft:polished_andesite":8,"minecraft:netherrack":2,"minecraft:mossy_stone_bricks":2},"minecraft:killed":{"minecraft:spider":1,"minecraft:creeper":1,"minecraft:skeleton":7,"minecraft:zombie":17,"minecraft:stray":1,"minecraft:silverfish":1},"minecraft:custom":{"minecraft:interact_with_furnace":3,"minecraft:mob_kills":28,"minecraft:interact_with_crafting_table":5,"minecraft:leave_game":7,"minecraft:time_since_death":51549,"minecraft:climb_one_cm":186,"minecraft:sleep_in_bed":5,"minecraft:time_since_rest":42865,"minecraft:waystone_activated":3,"minecraft:sprint_one_cm":422897,"minecraft:damage_absorbed":240,"minecraft:damage_taken":2011,"minecraft:walk_one_cm":222659,"minecraft:damage_blocked_by_shield":130,"minecraft:drop":22,"minecraft:damage_dealt":6537,"minecraft:damage_dealt_absorbed":41,"minecraft:swim_one_cm":40733,"minecraft:fly_one_cm":538150,"minecraft:talked_to_villager":1,"minecraft:open_chest":71,"minecraft:crouch_one_cm":11390,"minecraft:play_time":93716,"tombstone:undead_killed":25,"minecraft:deaths":2,"minecraft:sneak_time":3740,"minecraft:walk_under_water_one_cm":16107,"minecraft:jump":2191,"minecraft:walk_on_water_one_cm":11908,"minecraft:total_world_time":93716,"minecraft:fall_one_cm":56126}},"DataVersion":3465}