{"stats":{"minecraft:picked_up":{"minecraft:wooden_axe":1,"minecraft:anvil":1,"minecraft:chainmail_boots":2,"minecraft:iron_trapdoor":2,"minecraft:flower_pot":1,"minecraft:diamond_sword":4,"minecraft:potion":2,"minecraft:wither_rose":2,"minecraft:enchanted_book":3,"minecraft:stone_brick_stairs":1,"iceandfire:manuscript":15,"minecraft:string":12,"minecraft:raw_copper":14,"minecraft:red_nether_bricks":4,"minecraft:iron_leggings":3,"minecraft:beetroot_soup":1,"minecraft:beetroot":1,"minecraft:cobbled_deepslate":6,"minecraft:gold_nugget":18,"minecraft:spruce_planks":7,"minecraft:iron_boots":1,"minecraft:golden_helmet":2,"minecraft:tipped_arrow":8,"minecraft:stick":9,"iceandfire:ghost_chest":1,"minecraft:oak_fence":1,"minecraft:torch":11,"minecraft:spruce_stairs":9,"minecraft:porkchop":1,"tombstone:grave_dust":12,"minecraft:diorite":35,"minecraft:golden_chestplate":1,"minecraft:quartz_block":1,"minecraft:rotten_flesh":57,"minecraft:honey_bottle":2,"minecraft:cyan_terracotta":2,"minecraft:iron_bars":21,"minecraft:cobblestone":61,"minecraft:enchanting_table":1,"minecraft:birch_log":2,"minecraft:feather":2,"minecraft:black_bed":3,"minecraft:lapis_lazuli":20,"minecraft:dirt":60,"minecraft:bone":65,"minecraft:bow":2,"minecraft:wheat_seeds":2,"minecraft:grindstone":1,"minecraft:dark_oak_sign":4,"minecraft:cyan_candle":4,"minecraft:mossy_stone_bricks":7,"minecraft:diamond_helmet":1,"minecraft:bamboo":28,"minecraft:mossy_stone_brick_stairs":1,"minecraft:oak_planks":11,"minecraft:black_terracotta":2,"iceandfire:dragonscales_sapphire":11,"minecraft:sand":1,"minecraft:nether_brick_stairs":6,"minecraft:cyan_bed":3,"minecraft:mossy_cobblestone":21,"minecraft:bundle":8,"minecraft:diamond":3,"waystones:waystone":4,"minecraft:emerald":10,"minecraft:chainmail_helmet":1,"minecraft:netherrack":3,"minecraft:oak_sapling":5,"iceandfire:silver_nugget":101,"iceandfire:raw_silver":2,"minecraft:cocoa_beans":3,"minecraft:crafting_table":5,"minecraft:azure_bluet":1,"iceandfire:witherbone":1,"minecraft:chicken":1,"minecraft:leather_leggings":1,"minecraft:turtle_helmet":1,"iceandfire:frozen_cobblestone":1,"minecraft:shield":2,"iceandfire:frozen_stone":1,"minecraft:cracked_stone_bricks":4,"minecraft:beef":1,"minecraft:player_head":2,"minecraft:lectern":1,"minecraft:birch_sapling":1,"iceandfire:ice_dragon_heart":2,"iceandfire:dragonbone":18,"minecraft:stripped_mangrove_wood":9,"minecraft:copper_ingot":1,"minecraft:bowl":1,"minecraft:note_block":3,"minecraft:spruce_fence":2,"minecraft:carrot":6,"minecraft:redstone":1,"minecraft:dark_oak_planks":34,"iceandfire:dragon_skull_ice":2,"minecraft:arrow":72,"minecraft:pumpkin_pie":4,"minecraft:nether_bricks":18,"minecraft:diamond_boots":1,"iceandfire:dragonscales_silver":35,"minecraft:hay_block":27,"tombstone:essence_of_undeath":1,"minecraft:glow_berries":2,"minecraft:mutton":2,"minecraft:white_wool":2,"minecraft:salmon":7,"minecraft:birch_planks":1,"minecraft:mushroom_stew":1,"minecraft:oak_log":24,"minecraft:chainmail_chestplate":1,"minecraft:golden_boots":1,"minecraft:nether_wart_block":1,"minecraft:gunpowder":6,"tombstone:gift":2,"iceandfire:pixie_house_mushroom_red":1,"minecraft:cooked_mutton":1,"minecraft:iron_ingot":1,"tombstone:bag_of_seeds":2,"minecraft:glass_bottle":2,"minecraft:mangrove_planks":2,"minecraft:flowering_azalea":3,"minecraft:dark_oak_stairs":3,"minecraft:book":165,"iceandfire:copper_nugget":14,"minecraft:dark_oak_slab":4,"minecraft:sweet_berries":1,"minecraft:chiseled_stone_bricks":2,"minecraft:dandelion":1,"minecraft:gravel":1,"minecraft:spruce_sapling":9,"minecraft:blast_furnace":4,"minecraft:spruce_log":4,"minecraft:white_bed":1,"minecraft:spider_eye":3,"minecraft:spruce_door":1,"minecraft:leather_helmet":1,"minecraft:chainmail_leggings":4,"minecraft:iron_helmet":2,"minecraft:diamond_axe":1,"minecraft:mossy_cobblestone_stairs":3,"iceandfire:ice_dragon_flesh":12,"tombstone:magic_scroll":3,"minecraft:coal":32},"minecraft:dropped":{"minecraft:nether_brick_stairs":1,"minecraft:iron_sword":1,"minecraft:porkchop":1,"minecraft:stripped_mangrove_wood":1,"minecraft:oak_log":1,"minecraft:glass_bottle":7,"minecraft:dark_oak_slab":4,"minecraft:black_bed":1,"minecraft:mangrove_planks":1,"minecraft:cracked_stone_bricks":4,"minecraft:dirt":15,"tombstone:bag_of_seeds":3,"minecraft:birch_log":1,"minecraft:white_wool":1,"minecraft:bone":2,"minecraft:gravel":2,"minecraft:note_block":2,"minecraft:rotten_flesh":41,"minecraft:oak_planks":13,"iceandfire:frozen_stone":1,"minecraft:chainmail_chestplate":1,"minecraft:chiseled_stone_bricks":1,"minecraft:leather_chestplate":1,"minecraft:tipped_arrow":3,"minecraft:gunpowder":3,"minecraft:quartz_block":1,"minecraft:chainmail_boots":2,"minecraft:leather_leggings":1,"minecraft:red_nether_bricks":2,"minecraft:iron_bars":3,"minecraft:arrow":5,"minecraft:beef":1,"minecraft:lectern":1,"minecraft:golden_boots":1,"minecraft:wheat_seeds":1,"minecraft:golden_helmet":1,"minecraft:mossy_cobblestone":7,"minecraft:diamond_leggings":1,"minecraft:oak_fence":1,"minecraft:iron_helmet":1,"minecraft:feather":2,"minecraft:cobblestone":34,"minecraft:spruce_button":1,"minecraft:spruce_door":1,"minecraft:chainmail_helmet":1,"minecraft:coal":15,"minecraft:diorite":32,"minecraft:torch":1,"minecraft:diamond_helmet":1,"minecraft:iron_leggings":4,"minecraft:cyan_candle":2,"minecraft:flowering_azalea":1,"minecraft:mossy_cobblestone_stairs":1,"minecraft:chainmail_leggings":2,"minecraft:spruce_sapling":6,"iceandfire:frozen_cobblestone":1,"minecraft:redstone":1,"iceandfire:silver_nugget":71,"minecraft:dark_oak_sign":2,"minecraft:cocoa_beans":3,"iceandfire:witherbone":1,"minecraft:iron_boots":4,"minecraft:diamond_sword":2,"minecraft:shield":2,"minecraft:flower_pot":1,"minecraft:iron_chestplate":2,"minecraft:mossy_stone_bricks":5,"minecraft:spider_eye":2,"minecraft:diamond_boots":1,"minecraft:bow":1,"minecraft:wooden_pickaxe":1},"minecraft:crafted":{"minecraft:oak_planks":92,"minecraft:iron_boots":1,"minecraft:chest":1,"minecraft:crafting_table":4,"minecraft:spruce_planks":20,"minecraft:wooden_pickaxe":2,"minecraft:birch_planks":4,"minecraft:iron_chestplate":1,"minecraft:stick":20,"minecraft:spruce_button":1,"minecraft:wheat":243,"sophisticatedbackpacks:iron_backpack":1,"sophisticatedbackpacks:gold_backpack":1,"minecraft:mangrove_planks":28,"minecraft:bread":81,"minecraft:wooden_axe":4,"minecraft:iron_leggings":1,"minecraft:torch":16},"minecraft:broken":{"minecraft:diamond_helmet":1,"minecraft:iron_leggings":1,"minecraft:wooden_axe":3},"minecraft:used":{"minecraft:beetroot":4,"minecraft:chest":1,"minecraft:shield":49,"minecraft:iron_sword":82,"minecraft:nether_bricks":20,"minecraft:carrot":10,"minecraft:honey_bottle":4,"minecraft:birch_sapling":1,"minecraft:sweet_berries":2,"minecraft:egg":2,"minecraft:mossy_stone_bricks":1,"minecraft:diorite":7,"minecraft:leather_leggings":1,"minecraft:mangrove_planks":16,"minecraft:oak_planks":73,"minecraft:leather_chestplate":1,"minecraft:wooden_pickaxe":17,"minecraft:diamond_axe":65,"minecraft:golden_apple":11,"minecraft:glow_berries":2,"minecraft:black_bed":1,"minecraft:black_terracotta":1,"waystones:waystone":4,"minecraft:cyan_bed":3,"minecraft:bread":75,"tombstone:grave_key":7,"minecraft:diamond_sword":513,"minecraft:chainmail_boots":1,"minecraft:iron_bars":7,"minecraft:spruce_planks":4,"minecraft:torch":74,"minecraft:dirt":45,"minecraft:chainmail_chestplate":1,"minecraft:diamond_helmet":1,"minecraft:nether_brick_stairs":1,"minecraft:wooden_axe":129,"minecraft:dark_oak_planks":4,"minecraft:flowering_azalea":1,"tombstone:gift":6,"minecraft:beetroot_soup":1,"minecraft:cooked_mutton":1,"minecraft:mossy_cobblestone":7,"minecraft:crafting_table":8,"minecraft:white_bed":1,"minecraft:apple":3,"minecraft:diamond_shovel":34,"minecraft:iron_pickaxe":309,"minecraft:stone_axe":17,"minecraft:cobblestone":11,"minecraft:potion":6},"minecraft:killed_by":{"iceandfire:ice_dragon":14,"minecraft:zombie":2,"minecraft:player":3,"minecraft:skeleton":2,"iceandfire:ghost":3},"minecraft:mined":{"minecraft:spruce_planks":11,"minecraft:white_bed":1,"minecraft:oak_sapling":1,"minecraft:black_terracotta":2,"iceandfire:copper_pile":2,"minecraft:red_nether_bricks":5,"minecraft:cave_vines_plant":5,"minecraft:grass_block":1,"minecraft:chiseled_stone_bricks":3,"minecraft:spawner":50,"minecraft:mossy_cobblestone_stairs":3,"minecraft:fire":9,"minecraft:anvil":1,"minecraft:azure_bluet":1,"minecraft:nether_brick_stairs":2,"minecraft:dark_oak_stairs":3,"minecraft:cave_vines":1,"iceandfire:gold_pile":3,"minecraft:dirt_path":1,"minecraft:iron_bars":22,"minecraft:stripped_mangrove_wood":9,"minecraft:tripwire":2,"minecraft:quartz_block":1,"minecraft:cyan_terracotta":2,"iceandfire:dragon_ice_spikes":10,"minecraft:torch":2,"minecraft:blast_furnace":2,"iceandfire:ghost_chest":1,"minecraft:chest":1,"iceandfire:frozen_dirt":1,"minecraft:cobblestone":8,"minecraft:grindstone":1,"minecraft:cyan_bed":3,"minecraft:oak_planks":4,"minecraft:wall_torch":3,"minecraft:dark_oak_slab":2,"minecraft:nether_wart_block":1,"minecraft:black_bed":2,"minecraft:wither_rose":1,"minecraft:stone_brick_stairs":1,"minecraft:grass":34,"minecraft:oak_log":16,"minecraft:sand":1,"minecraft:dirt":32,"minecraft:netherrack":2,"minecraft:deepslate":7,"minecraft:oak_leaves":8,"minecraft:cyan_candle":1,"minecraft:light_gray_stained_glass_pane":1,"iceandfire:silver_ore":2,"minecraft:mossy_cobblestone":21,"minecraft:potted_flowering_azalea_bush":1,"minecraft:nether_bricks":18,"iceandfire:frozen_stone":1,"minecraft:redstone_wire":2,"minecraft:spruce_leaves":8,"minecraft:large_fern":3,"minecraft:hay_block":27,"minecraft:oak_trapdoor":2,"minecraft:mossy_stone_brick_stairs":2,"minecraft:bookshelf":40,"minecraft:vine":9,"minecraft:bamboo":4,"minecraft:stone":61,"minecraft:cake":1,"minecraft:dandelion":3,"minecraft:oak_fence":1,"minecraft:crafting_table":4,"minecraft:tall_grass":7,"minecraft:copper_ore":2,"minecraft:diorite":26,"minecraft:spruce_stairs":6,"minecraft:birch_planks":1,"minecraft:ice":14,"minecraft:mangrove_planks":2,"minecraft:coal_ore":10,"iceandfire:silver_pile":3,"minecraft:gravel":1,"minecraft:cobweb":2,"minecraft:cracked_stone_bricks":4,"minecraft:mossy_stone_bricks":9,"minecraft:iron_trapdoor":1,"minecraft:fern":1,"minecraft:dark_oak_planks":20},"minecraft:custom":{"minecraft:interact_with_crafting_table":16,"minecraft:open_barrel":22,"minecraft:eat_cake_slice":7,"minecraft:leave_game":6,"minecraft:time_since_death":50503,"minecraft:damage_resisted":8,"minecraft:sprint_one_cm":762685,"minecraft:damage_blocked_by_shield":1751,"minecraft:drop":125,"minecraft:play_noteblock":2,"minecraft:talked_to_villager":10,"minecraft:play_time":413296,"minecraft:deaths":26,"minecraft:jump":5924,"minecraft:walk_on_water_one_cm":64936,"minecraft:interact_with_furnace":4,"minecraft:interact_with_cartography_table":1,"minecraft:interact_with_loom":1,"minecraft:sleep_in_bed":11,"minecraft:waystone_activated":5,"minecraft:damage_dealt":37104,"minecraft:crouch_one_cm":26440,"tombstone:undead_killed":134,"minecraft:inspect_dispenser":2,"minecraft:mob_kills":168,"minecraft:interact_with_anvil":1,"minecraft:climb_one_cm":7052,"minecraft:walk_one_cm":461597,"minecraft:sneak_time":9427,"minecraft:walk_under_water_one_cm":36247,"minecraft:boat_one_cm":13451,"minecraft:total_world_time":413296,"minecraft:tune_noteblock":1,"minecraft:time_since_rest":49862,"minecraft:damage_taken":11498,"minecraft:damage_absorbed":464,"minecraft:trigger_trapped_chest":5,"minecraft:swim_one_cm":111947,"minecraft:fly_one_cm":982190,"minecraft:open_chest":161,"minecraft:fall_one_cm":133652},"minecraft:killed":{"minecraft:cave_spider":3,"minecraft:spider":7,"minecraft:skeleton":48,"minecraft:silverfish":12,"minecraft:pig":1,"minecraft:creeper":3,"minecraft:sheep":2,"minecraft:zombie":52,"minecraft:stray":23,"minecraft:cow":1,"minecraft:horse":2,"iceandfire:fire_dragon":1,"minecraft:drowned":1,"iceandfire:ghost":6,"iceandfire:ice_dragon":2,"minecraft:wither_skeleton":4}},"DataVersion":3465}