{"stats":{"minecraft:picked_up":{"minecraft:iron_chestplate":3,"minecraft:chainmail_boots":2,"minecraft:diamond_sword":2,"minecraft:potion":1,"minecraft:string":39,"minecraft:raw_copper":28,"minecraft:diamond_leggings":1,"minecraft:gold_nugget":344,"minecraft:cobbled_deepslate":106,"minecraft:spruce_planks":8,"minecraft:smooth_quartz":2,"minecraft:melon_slice":5,"minecraft:iron_boots":3,"iceandfire:dragonscales_red":18,"minecraft:furnace":5,"minecraft:tipped_arrow":5,"minecraft:stick":21,"minecraft:oak_fence":1,"minecraft:torch":9,"minecraft:porkchop":61,"iceandfire:rotten_egg":1,"tombstone:grave_dust":9,"minecraft:diorite":15,"minecraft:rotten_flesh":18,"iceandfire:fire_dragon_heart":4,"minecraft:iron_bars":4,"minecraft:cobblestone":1041,"minecraft:birch_log":1,"minecraft:pink_petals":188,"minecraft:feather":11,"minecraft:andesite":16,"minecraft:brown_wool":1,"minecraft:flint":6,"minecraft:tuff":19,"minecraft:lapis_lazuli":18,"minecraft:dirt":172,"minecraft:bone":62,"minecraft:bow":2,"minecraft:wheat_seeds":34,"minecraft:mossy_stone_bricks":10,"minecraft:mossy_stone_brick_stairs":3,"minecraft:honeycomb":1,"minecraft:oak_planks":8,"minecraft:black_terracotta":1,"iceandfire:dragonscales_sapphire":11,"minecraft:poisonous_potato":1,"iceandfire:dragon_skull_fire":4,"minecraft:sand":5,"minecraft:mossy_cobblestone":5,"iceandfire:chared_cobblestone":41,"minecraft:light_gray_concrete":8,"minecraft:polished_andesite":2,"minecraft:diamond":1,"minecraft:black_concrete":1,"iceandfire:dragon_ice":2,"minecraft:bread":3,"minecraft:emerald":2,"minecraft:oak_sapling":39,"iceandfire:silver_nugget":262,"iceandfire:dragon_skull_lightning":1,"minecraft:crafting_table":6,"minecraft:chicken":14,"minecraft:ladder":1,"minecraft:brown_mushroom":1,"iceandfire:frozen_cobblestone":8,"minecraft:shield":1,"iceandfire:frozen_stone":1,"minecraft:cracked_stone_bricks":2,"minecraft:beef":52,"minecraft:oak_boat":5,"minecraft:spruce_slab":8,"minecraft:light_gray_wool":1,"minecraft:birch_sapling":4,"iceandfire:ice_dragon_heart":1,"minecraft:egg":8,"minecraft:raw_iron":3,"iceandfire:dragonscales_gray":55,"iceandfire:dragonbone":83,"iceandfire:dragonscales_green":17,"iceandfire:chared_grass":3,"sophisticatedbackpacks:backpack":1,"minecraft:redstone":5,"iceandfire:dragon_skull_ice":1,"iceandfire:sea_serpent_scales_purple":3,"minecraft:arrow":65,"minecraft:hay_block":14,"minecraft:mutton":58,"minecraft:white_wool":40,"iceandfire:dragonegg_green":1,"iceandfire:sea_serpent_fang":13,"minecraft:tripwire_hook":1,"minecraft:glow_ink_sac":1,"minecraft:salmon":2,"minecraft:leather":41,"minecraft:oak_log":81,"minecraft:chainmail_chestplate":1,"iceandfire:dragonegg_gray":1,"minecraft:gunpowder":4,"minecraft:yellow_bed":3,"minecraft:cobblestone_wall":2,"minecraft:apple":3,"minecraft:stone_bricks":17,"minecraft:cobweb":6,"tombstone:bag_of_seeds":3,"minecraft:acacia_sapling":1,"iceandfire:fire_dragon_flesh":17,"minecraft:book":28,"iceandfire:chared_stone":33,"minecraft:dark_oak_slab":2,"minecraft:sweet_berries":52,"iceandfire:ash":5,"minecraft:dandelion":1,"minecraft:gravel":58,"minecraft:spruce_sapling":5,"minecraft:spruce_log":2,"minecraft:white_bed":4,"minecraft:spider_eye":7,"iceandfire:sea_serpent_scales_red":5,"iceandfire:ice_dragon_flesh":3,"tombstone:magic_scroll":1,"minecraft:coal":5,"iceandfire:chared_gravel":11},"minecraft:dropped":{"iceandfire:armor_gray_boots":1,"minecraft:crafting_table":1,"iceandfire:ice_dragon_flesh":3,"minecraft:honeycomb":2,"sophisticatedbackpacks:gold_backpack":1,"minecraft:dirt":11,"iceandfire:armor_silver_metal_leggings":1,"minecraft:iron_pickaxe":1,"iceandfire:armor_gray_helmet":1,"minecraft:birch_sapling":3,"minecraft:rotten_flesh":4,"iceandfire:frozen_stone":1,"minecraft:chainmail_chestplate":2,"minecraft:beetroot_seeds":2,"minecraft:melon_seeds":5,"minecraft:acacia_sapling":1,"minecraft:chainmail_boots":1,"minecraft:arrow":15,"minecraft:egg":1,"iceandfire:dragonscales_sapphire":11,"minecraft:diamond_leggings":1,"minecraft:oak_fence":1,"minecraft:polished_andesite":1,"minecraft:cobweb":7,"minecraft:diorite":6,"tombstone:grave_key":2,"iceandfire:armor_green_chestplate":1,"iceandfire:ice_dragon_heart":1,"minecraft:spruce_sapling":5,"minecraft:dandelion":1,"iceandfire:frozen_cobblestone":8,"iceandfire:silver_nugget":64,"minecraft:stone_sword":2,"minecraft:cobblestone_wall":2,"minecraft:cocoa_beans":3,"minecraft:iron_boots":1,"sophisticatedbackpacks:backpack":1,"iceandfire:dragon_skull_ice":1,"minecraft:pumpkin_seeds":4,"minecraft:diamond_sword":2,"minecraft:diamond_chestplate":1,"minecraft:andesite":3,"minecraft:mossy_stone_bricks":3,"minecraft:oak_sapling":21,"minecraft:stone_bricks":1,"minecraft:bow":1,"minecraft:wooden_pickaxe":2},"minecraft:crafted":{"minecraft:oak_planks":324,"minecraft:cobblestone_slab":18,"minecraft:cobblestone_stairs":12,"minecraft:cooked_mutton":9,"minecraft:glass":3,"iceandfire:armor_gray_helmet":1,"iceandfire:armor_green_helmet":1,"minecraft:chest":8,"minecraft:glass_bottle":3,"iceandfire:armor_gray_boots":1,"sophisticatedbackpacks:backpack":3,"minecraft:cooked_porkchop":18,"minecraft:crafting_table":14,"minecraft:spruce_planks":8,"minecraft:wooden_pickaxe":3,"iceandfire:armor_green_chestplate":1,"minecraft:diamond_pickaxe":1,"minecraft:stick":44,"minecraft:iron_pickaxe":5,"minecraft:stone_sword":6,"minecraft:gold_ingot":31,"minecraft:oak_door":9,"minecraft:furnace":3,"iceandfire:armor_red_leggings":1,"minecraft:stone_pickaxe":4,"minecraft:wheat":126,"sophisticatedbackpacks:iron_backpack":2,"minecraft:cooked_beef":3,"iceandfire:silver_ingot":24,"sophisticatedbackpacks:gold_backpack":2,"minecraft:stone_axe":3,"minecraft:bread":42,"minecraft:air":0,"minecraft:oak_boat":1,"minecraft:golden_apple":2,"minecraft:iron_shovel":2,"minecraft:white_bed":3,"minecraft:torch":24,"iceandfire:armor_green_boots":1},"minecraft:broken":{"minecraft:golden_boots":1,"minecraft:iron_chestplate":1,"minecraft:stone_pickaxe":2,"iceandfire:armor_silver_metal_boots":1,"iceandfire:armor_green_helmet":1,"iceandfire:armor_green_boots":1,"minecraft:stone_sword":2,"minecraft:diamond_leggings":1,"iceandfire:armor_silver_metal_helmet":1,"minecraft:iron_pickaxe":2,"iceandfire:armor_red_leggings":1},"minecraft:used":{"minecraft:iron_shovel":153,"minecraft:chest":7,"minecraft:shield":12,"minecraft:tuff":1,"minecraft:obsidian":10,"minecraft:stone_bricks":7,"minecraft:bow":1,"minecraft:sweet_berries":56,"minecraft:furnace":8,"minecraft:oak_sapling":4,"minecraft:egg":1,"minecraft:mossy_stone_bricks":3,"minecraft:diorite":2,"minecraft:stone_pickaxe":370,"minecraft:oak_planks":123,"minecraft:wooden_pickaxe":108,"minecraft:mossy_stone_brick_stairs":1,"minecraft:golden_apple":2,"minecraft:black_terracotta":1,"minecraft:bread":18,"tombstone:grave_key":11,"iceandfire:chared_cobblestone":5,"minecraft:diamond_sword":697,"minecraft:birch_log":1,"minecraft:oak_boat":5,"minecraft:cobweb":21,"minecraft:stone_sword":581,"minecraft:spruce_planks":2,"minecraft:oak_door":6,"minecraft:torch":27,"minecraft:dirt":95,"tombstone:gift":8,"minecraft:cooked_beef":7,"minecraft:cooked_mutton":14,"iceandfire:fire_dragon_flesh":1,"minecraft:cobblestone_stairs":10,"minecraft:polished_andesite":1,"minecraft:brown_mushroom":1,"iceandfire:dragon_skull_lightning":1,"minecraft:cobblestone_slab":14,"minecraft:cracked_stone_bricks":2,"minecraft:crafting_table":19,"minecraft:white_bed":5,"tombstone:bag_of_seeds":3,"minecraft:diamond_pickaxe":1,"minecraft:iron_pickaxe":860,"minecraft:stone_axe":136,"minecraft:pink_petals":112,"minecraft:cobblestone":675,"minecraft:potion":1,"minecraft:cooked_porkchop":18,"minecraft:yellow_bed":3},"minecraft:killed_by":{"iceandfire:sea_serpent":2,"iceandfire:ice_dragon":8,"minecraft:zombie":1,"iceandfire:fire_dragon":31,"iceandfire:gorgon":1,"minecraft:skeleton":2},"minecraft:mined":{"minecraft:spruce_planks":2,"minecraft:white_bed":4,"minecraft:black_terracotta":1,"minecraft:grass_block":69,"minecraft:spawner":9,"minecraft:fire":178,"minecraft:iron_bars":4,"minecraft:light_gray_concrete":5,"minecraft:spruce_slab":3,"minecraft:tripwire":1,"iceandfire:chared_cobblestone":49,"minecraft:brown_mushroom":1,"minecraft:powder_snow":13,"minecraft:torch":3,"minecraft:melon":1,"minecraft:chest":2,"minecraft:cobblestone":37,"minecraft:oak_planks":2,"minecraft:wall_torch":7,"minecraft:pink_petals":74,"minecraft:dark_oak_slab":1,"minecraft:light_gray_stained_glass":2,"minecraft:grass":90,"minecraft:oak_log":79,"minecraft:dirt":88,"minecraft:sand":5,"minecraft:smooth_quartz":10,"minecraft:oak_leaves":33,"minecraft:deepslate":106,"iceandfire:chared_stone":49,"minecraft:diamond_ore":1,"minecraft:tuff":19,"minecraft:mossy_cobblestone":5,"iceandfire:frozen_cobblestone":9,"minecraft:ladder":1,"iceandfire:frozen_stone":1,"minecraft:spruce_leaves":6,"minecraft:hay_block":14,"minecraft:furnace":4,"minecraft:andesite":16,"minecraft:mossy_stone_brick_stairs":3,"minecraft:bookshelf":8,"minecraft:vine":1,"minecraft:stone":876,"minecraft:dandelion":1,"minecraft:crafting_table":6,"minecraft:tall_grass":18,"minecraft:copper_ore":4,"minecraft:diorite":13,"minecraft:birch_leaves":2,"minecraft:yellow_bed":3,"minecraft:coal_ore":1,"iceandfire:silver_pile":28,"minecraft:gravel":64,"minecraft:cobweb":15,"minecraft:cracked_stone_bricks":3,"minecraft:polished_andesite":1,"minecraft:stone_bricks":18,"minecraft:mossy_stone_bricks":11,"minecraft:fern":1},"minecraft:custom":{"minecraft:interact_with_crafting_table":59,"minecraft:open_barrel":6,"minecraft:leave_game":7,"minecraft:time_since_death":2795,"minecraft:sprint_one_cm":1071216,"minecraft:damage_blocked_by_shield":460,"minecraft:drop":77,"minecraft:play_time":360682,"minecraft:deaths":55,"minecraft:jump":5680,"minecraft:walk_on_water_one_cm":103297,"minecraft:interact_with_furnace":41,"minecraft:sleep_in_bed":9,"minecraft:damage_dealt":52440,"minecraft:player_kills":1,"minecraft:crouch_one_cm":16662,"tombstone:undead_killed":77,"minecraft:mob_kills":251,"minecraft:climb_one_cm":18905,"minecraft:walk_one_cm":1171312,"minecraft:sneak_time":9684,"minecraft:walk_under_water_one_cm":58480,"minecraft:total_world_time":360682,"tombstone:raider_killed":1,"minecraft:time_since_rest":2563,"minecraft:damage_taken":2147483647,"minecraft:damage_absorbed":355,"minecraft:trigger_trapped_chest":1,"minecraft:swim_one_cm":24678,"minecraft:fly_one_cm":1265186,"minecraft:open_chest":142,"minecraft:fall_one_cm":190472},"minecraft:killed":{"minecraft:cave_spider":7,"minecraft:witch":1,"minecraft:spider":6,"minecraft:skeleton":47,"minecraft:chicken":14,"minecraft:silverfish":10,"minecraft:magma_cube":4,"minecraft:pig":26,"minecraft:zombie_villager":1,"minecraft:creeper":3,"minecraft:sheep":42,"minecraft:zombie":16,"minecraft:stray":10,"minecraft:cow":30,"iceandfire:sea_serpent":2,"minecraft:horse":14,"iceandfire:fire_dragon":3,"minecraft:drowned":1,"iceandfire:ghost":2}},"DataVersion":3465}